task,policy_a,policy_b,count_a,count_b,n_each,difference,newcombe_low,newcombe_high,simultaneous_cp_low,simultaneous_cp_high,publicly_rerunnable_pair,opposite_published_means
google_robot_pick_coke_can,rt-2-x,rt-1-converged,68,64,75,0.05333333333333334,-0.05394599655567585,0.16145118242569667,-0.15807108163727723,0.2567158322761751,False,True
google_robot_pick_coke_can,rt-2-x,rt-1-15pct,68,69,75,-0.013333333333333334,-0.11031218181100763,0.08289052818944463,-0.19636960691176997,0.1718162231157503,False,True
google_robot_pick_coke_can,rt-2-x,rt-1-x,68,57,75,0.14666666666666667,0.026793541498202844,0.26441003243737043,-0.09236101279528519,0.36440260768675836,False,False
google_robot_pick_coke_can,rt-2-x,rt-1-begin,68,10,75,0.7733333333333333,0.644507741598359,0.8492145243149413,0.5160242767280162,0.9229338643252023,False,False
google_robot_pick_coke_can,rt-2-x,octo-base,68,22,75,0.6133333333333333,0.4722370944365497,0.7158708197840017,0.3342910011800019,0.8072878463584747,False,False
google_robot_pick_coke_can,rt-1-converged,rt-1-15pct,64,69,75,-0.06666666666666667,-0.17286313944096848,0.03798136548433878,-0.2634985124159914,0.14030037798107386,True,True
google_robot_pick_coke_can,rt-1-converged,rt-1-x,64,57,75,0.09333333333333334,-0.03411218410569433,0.21805574226507607,-0.15948991829950665,0.33288676255208194,True,False
google_robot_pick_coke_can,rt-1-converged,rt-1-begin,64,10,75,0.72,0.584099937956182,0.8063141602027755,0.44889537122379475,0.8914180191905259,True,False
google_robot_pick_coke_can,rt-1-converged,octo-base,64,22,75,0.56,0.41241632065683703,0.6704812890689827,0.2671620956757804,0.7757720012237983,True,False
google_robot_pick_coke_can,rt-1-15pct,rt-1-x,69,57,75,0.16,0.04247586567305758,0.27598155767344096,-0.07459030913908182,0.3711852878265747,True,False
google_robot_pick_coke_can,rt-1-15pct,rt-1-begin,69,10,75,0.7866666666666666,0.6600239049409791,0.8597842205243501,0.5337949803842196,0.9297165444650186,True,False
google_robot_pick_coke_can,rt-1-15pct,octo-base,69,22,75,0.6266666666666667,0.48756057534618835,0.727176157089039,0.35206170483620525,0.814070526498291,True,False
google_robot_pick_coke_can,rt-1-x,rt-1-begin,57,10,75,0.6266666666666667,0.48299044123542745,0.7282090015212962,0.3412085958132115,0.8257079503485338,True,False
google_robot_pick_coke_can,rt-1-x,octo-base,57,22,75,0.4666666666666667,0.3118927240951852,0.5894136696873655,0.15947532026519717,0.7100619323818063,True,False
google_robot_pick_coke_can,rt-1-begin,octo-base,10,22,75,-0.16,-0.28589451243359953,-0.02849603162346942,-0.3990559363732468,0.10167664285850492,True,False
google_robot_move_near,rt-2-x,rt-1-converged,44,38,60,0.1,-0.06563052336119113,0.2584072542280105,-0.229378030397003,0.4122249751408197,False,False
google_robot_move_near,rt-2-x,rt-1-15pct,44,35,60,0.15,-0.019393482724955335,0.30804747711823616,-0.18716848738016756,0.46151119458750867,False,False
google_robot_move_near,rt-2-x,rt-1-x,44,27,60,0.2833333333333333,0.10761259523527,0.43586488082562636,-0.0665672151519423,0.5849716143288747,False,False
google_robot_move_near,rt-2-x,rt-1-begin,44,1,60,0.7166666666666667,0.5738380591473902,0.8129888545187371,0.4388764975132042,0.8674666657801797,False,False
google_robot_move_near,rt-2-x,octo-base,44,21,60,0.38333333333333336,0.20668976208901554,0.5276367552390822,0.031466445692085676,0.6699350601934839,False,False
google_robot_move_near,rt-1-converged,rt-1-15pct,38,35,60,0.05,-0.12165265139770512,0.21760100788019218,-0.2911998303266502,0.3826955927901746,True,False
google_robot_move_near,rt-1-converged,rt-1-x,38,27,60,0.18333333333333332,0.005433759022711371,0.34574320310549495,-0.17059855809842495,0.5061560125315406,True,False
google_robot_move_near,rt-1-converged,rt-1-begin,38,1,60,0.6166666666666667,0.47116583550729546,0.7279728061722053,0.33484515456672154,0.7886510639828457,True,False
google_robot_move_near,rt-1-converged,octo-base,38,21,60,0.2833333333333333,0.10452217035932126,0.43804134990883414,-0.07256489725439697,0.5911194583961499,True,False
google_robot_move_near,rt-1-15pct,rt-1-x,35,27,60,0.13333333333333333,-0.04424595986067151,0.2995790777005145,-0.21988477754511393,0.4639464695147052,True,False
google_robot_move_near,rt-1-15pct,rt-1-begin,35,1,60,0.5666666666666667,0.4215576087155874,0.6834987616252612,0.28555893512003255,0.7464415209660102,True,False
google_robot_move_near,rt-1-15pct,octo-base,35,21,60,0.23333333333333334,0.05484081574365807,0.392063456855975,-0.12185111670108595,0.5489099153793144,True,False
google_robot_move_near,rt-1-x,rt-1-begin,27,1,60,0.43333333333333335,0.294252397700861,0.559164029987419,0.16209851537866654,0.625840248737785,True,False
google_robot_move_near,rt-1-x,octo-base,27,21,60,0.1,-0.07362732156102272,0.2654656397006687,-0.24531153644245196,0.42830864315108913,True,False
google_robot_move_near,rt-1-begin,octo-base,1,21,60,-0.3333333333333333,-0.46044957023747835,-0.20332905936621007,-0.527806587893757,-0.07713506951405735,True,True
google_robot_open_drawer,rt-2-x,rt-1-converged,9,22,27,-0.48148148148148145,-0.6611112547771445,-0.2196540897169893,-0.8345979417396723,0.05051402780928549,False,False
google_robot_open_drawer,rt-2-x,rt-1-15pct,9,19,27,-0.37037037037037035,-0.5717636719932199,-0.10384088991117524,-0.7738993412120225,0.1698897198240562,False,False
google_robot_open_drawer,rt-2-x,rt-1-x,9,14,27,-0.18518518518518517,-0.4129415224202473,0.07447224682625947,-0.6417073172529391,0.33960995575841524,False,False
google_robot_open_drawer,rt-2-x,rt-1-begin,9,0,27,0.3333333333333333,0.14073588660929146,0.5217523949267993,-0.05880544745372074,0.603227618650592,False,False
google_robot_open_drawer,rt-2-x,octo-base,9,4,27,0.18518518518518517,-0.044556090065686504,0.39356167576002443,-0.27853932794906827,0.5784929179336753,False,False
google_robot_open_drawer,rt-1-converged,rt-1-15pct,22,19,27,0.1111111111111111,-0.11699255215268625,0.3261070542954296,-0.34609114515841366,0.5261654377008341,True,False
google_robot_open_drawer,rt-1-converged,rt-1-x,22,14,27,0.2962962962962963,0.04461203296912053,0.5027115903775349,-0.2138991211993302,0.6958856736351932,True,False
google_robot_open_drawer,rt-1-converged,rt-1-begin,22,0,27,0.8148148148148148,0.5944383284546952,0.9181929285702347,0.3690027485998881,0.95950333652737,True,False
google_robot_open_drawer,rt-1-converged,octo-base,22,4,27,0.6666666666666666,0.4131847682799996,0.8030706748781277,0.14926886810454054,0.9347686358104532,True,False
google_robot_open_drawer,rt-1-15pct,rt-1-x,19,14,27,0.18518518518518517,-0.07138712291176191,0.4107947597048517,-0.3332748132141009,0.6351870731075434,True,False
google_robot_open_drawer,rt-1-15pct,rt-1-begin,19,0,27,0.7037037037037037,0.4777608423071029,0.8414695953022023,0.24962705658511736,0.8988047359997202,True,False
google_robot_open_drawer,rt-1-15pct,octo-base,19,4,27,0.5555555555555556,0.2972196237044865,0.7195630552025323,0.029893176089769824,0.8740700352828035,True,False
google_robot_open_drawer,rt-1-x,rt-1-begin,14,0,27,0.5185185185185185,0.30072459146587305,0.6925677302378153,0.07990682065075833,0.7666127120406367,True,False
google_robot_open_drawer,rt-1-x,octo-base,14,4,27,0.37037037037037035,0.11913050145962262,0.565849645877091,-0.1398270598445892,0.74187801132372,True,False
google_robot_open_drawer,rt-1-begin,octo-base,0,4,27,-0.14814814814814814,-0.3247868542781298,0.0049301797971268435,-0.403444722736766,0.1589761415245018,True,False
google_robot_close_drawer,rt-2-x,rt-1-converged,17,25,27,-0.2962962962962963,-0.49112849810151615,-0.0737695281090594,-0.6348667506864861,0.15640296469655612,False,False
google_robot_close_drawer,rt-2-x,rt-1-15pct,17,24,27,-0.25925925925925924,-0.46016888418968815,-0.029568040694740144,-0.6263188407206955,0.20675288418055504,False,False
google_robot_close_drawer,rt-2-x,rt-1-x,17,20,27,-0.1111111111111111,-0.33775106257983356,0.13221007084744307,-0.5593382477576113,0.37853809251231285,False,False
google_robot_close_drawer,rt-2-x,rt-1-begin,17,0,27,0.6296296296296297,0.4046647124186782,0.784674870390344,0.17787384205685736,0.8499341329511034,False,False
google_robot_close_drawer,rt-2-x,octo-base,17,14,27,0.1111111111111111,-0.1446004190197014,0.34766822030371936,-0.4050280277423609,0.5863164700589266,False,True
google_robot_close_drawer,rt-1-converged,rt-1-15pct,25,24,27,0.037037037037037035,-0.13831562112719256,0.21475410859079305,-0.2943723567644241,0.3532701862142136,True,False
google_robot_close_drawer,rt-1-converged,rt-1-x,25,20,27,0.18518518518518517,-0.01914186867044204,0.38019928525412117,-0.22739176380133985,0.5250553945459714,True,True
google_robot_close_drawer,rt-1-converged,rt-1-begin,25,0,27,0.9259259259259259,0.7234584191222273,0.9794453459390113,0.5098203260131289,0.996451434984762,True,False
google_robot_close_drawer,rt-1-converged,octo-base,25,14,27,0.4074074074074074,0.1712458864574081,0.5939136205627678,-0.07308154378608944,0.7328337720925852,True,False
google_robot_close_drawer,rt-1-15pct,rt-1-x,24,20,27,0.14814814814814814,-0.06395899049437326,0.3492341739060628,-0.27774168328533877,0.5165074845801808,True,True
google_robot_close_drawer,rt-1-15pct,rt-1-begin,24,0,27,0.8888888888888888,0.6785724971427789,0.9614796517169015,0.4594704065291299,0.9879035250189714,True,False
google_robot_close_drawer,rt-1-15pct,octo-base,24,14,27,0.37037037037037035,0.12744619021694395,0.5632165735348829,-0.12343146327008836,0.7242858621267946,True,False
google_robot_close_drawer,rt-1-x,rt-1-begin,20,0,27,0.7407407407407407,0.5156182710910913,0.8682962543809281,0.2876851981973721,0.9209229320558872,True,False
google_robot_close_drawer,rt-1-x,octo-base,20,14,27,0.2222222222222222,-0.03362792729359987,0.4417459072473868,-0.29521667160184617,0.6573052691637103,True,False
google_robot_close_drawer,rt-1-begin,octo-base,0,14,27,-0.5185185185185185,-0.6925677302378153,-0.30072459146587305,-0.7666127120406367,-0.07990682065075833,True,False
google_robot_place_apple_in_closed_top_drawer,rt-2-x,rt-1-converged,2,5,27,-0.1111111111111111,-0.30062672689242775,0.0790629414852852,-0.4437378441434549,0.2659721682728227,False,False
google_robot_place_apple_in_closed_top_drawer,rt-2-x,rt-1-15pct,2,5,27,-0.1111111111111111,-0.30062672689242775,0.0790629414852852,-0.4437378441434549,0.2659721682728227,False,False
google_robot_place_apple_in_closed_top_drawer,rt-2-x,rt-1-x,2,11,27,-0.3333333333333333,-0.5262320114008346,-0.10572096444412199,-0.6687566218518783,0.1298930307327542,False,False
google_robot_place_apple_in_closed_top_drawer,rt-2-x,rt-1-begin,2,0,27,0.07407407407407407,-0.06149245480578783,0.23369592683023144,-0.1801622772261805,0.3064688317454526,False,False
google_robot_place_apple_in_closed_top_drawer,rt-2-x,octo-base,2,0,27,0.07407407407407407,-0.06149245480578783,0.23369592683023144,-0.1801622772261805,0.3064688317454526,False,False
google_robot_place_apple_in_closed_top_drawer,rt-1-converged,rt-1-15pct,5,5,27,0.0,-0.20913841041296816,0.20913841041296816,-0.406789745686063,0.406789745686063,True,False
google_robot_place_apple_in_closed_top_drawer,rt-1-converged,rt-1-x,5,11,27,-0.2222222222222222,-0.4344310959416805,0.021458090688945497,-0.6318085233944866,0.2707106081459945,True,False
google_robot_place_apple_in_closed_top_drawer,rt-1-converged,rt-1-begin,5,0,27,0.18518518518518517,0.02331798703303975,0.36698683618548433,-0.1432141787687886,0.4472864091586929,True,False
google_robot_place_apple_in_closed_top_drawer,rt-1-converged,octo-base,5,0,27,0.18518518518518517,0.02331798703303975,0.36698683618548433,-0.1432141787687886,0.4472864091586929,True,False
google_robot_place_apple_in_closed_top_drawer,rt-1-15pct,rt-1-x,5,11,27,-0.2222222222222222,-0.4344310959416805,0.021458090688945497,-0.6318085233944866,0.2707106081459945,True,False
google_robot_place_apple_in_closed_top_drawer,rt-1-15pct,rt-1-begin,5,0,27,0.18518518518518517,0.02331798703303975,0.36698683618548433,-0.1432141787687886,0.4472864091586929,True,False
google_robot_place_apple_in_closed_top_drawer,rt-1-15pct,octo-base,5,0,27,0.18518518518518517,0.02331798703303975,0.36698683618548433,-0.1432141787687886,0.4472864091586929,True,False
google_robot_place_apple_in_closed_top_drawer,rt-1-x,rt-1-begin,11,0,27,0.4074074074074074,0.20285372245392772,0.5927329903193531,-0.007135041228720107,0.6723051868671164,True,False
google_robot_place_apple_in_closed_top_drawer,rt-1-x,octo-base,11,0,27,0.4074074074074074,0.20285372245392772,0.5927329903193531,-0.007135041228720107,0.6723051868671164,True,False
google_robot_place_apple_in_closed_top_drawer,rt-1-begin,octo-base,0,0,27,0.0,-0.12455502974186704,0.12455502974186704,-0.18371084224141848,0.18371084224141848,True,False
widowx_spoon_on_towel,rt-1-x,octo-base,0,8,24,-0.3333333333333333,-0.5329368316186824,-0.12685354133978355,-0.5962896822014121,0.05165346258917913,True,False
widowx_spoon_on_towel,rt-1-x,octo-small,0,10,24,-0.4166666666666667,-0.6116533413477123,-0.196171284629555,-0.674006057312196,-0.007796392716429734,True,False
widowx_spoon_on_towel,octo-base,octo-small,8,10,24,-0.08333333333333333,-0.3315595905027946,0.1801478556933772,-0.5448170881450578,0.407650857728665,True,False
widowx_carrot_on_plate,rt-1-x,octo-base,0,6,24,-0.25,-0.44899444005154,-0.06042394428005518,-0.5117957909901234,0.10387238474000515,True,False
widowx_carrot_on_plate,rt-1-x,octo-small,0,2,24,-0.08333333333333333,-0.25848802193210674,0.06719375950184965,-0.31355631653168226,0.17511254811453292,True,False
widowx_carrot_on_plate,octo-base,octo-small,6,2,24,0.16666666666666666,-0.05146359896365088,0.37456029281313064,-0.23658626951537004,0.5060659073483389,True,True
widowx_stack_cube,rt-1-x,octo-base,0,0,24,0.0,-0.13797620467498012,0.13797620467498012,-0.18084243175631737,0.18084243175631737,True,False
widowx_stack_cube,rt-1-x,octo-small,0,3,24,-0.125,-0.31003881270500067,0.03527763947655205,-0.3682085169904724,0.16326992609369628,True,False
widowx_stack_cube,octo-base,octo-small,0,3,24,-0.125,-0.31003881270500067,0.03527763947655205,-0.3682085169904724,0.16326992609369628,True,False
widowx_put_eggplant_in_basket,rt-1-x,octo-base,0,6,24,-0.25,-0.44899444005154,-0.06042394428005518,-0.4961118995482342,0.08299567106472872,True,False
